County Name,State,7/6/2021
Abbeville County ,SC,2599
Acadia Parish ,LA,6832
Accomack County ,VA,2872
Ada County ,ID,53729
Adair County ,IA,876
Adair County ,KY,1967
Adair County ,MO,2505
Adair County ,OK,3226
Adams County ,CO,61063
Adams County ,ID,343
Adams County ,IL,8881
Adams County ,IN,3796
Adams County ,IA,349
Adams County ,MS,3136
Adams County ,NE,2993
Adams County ,ND,271
Adams County ,OH,2441
Adams County ,PA,9694
Adams County ,WA,2271
Adams County ,WI,1970
Addison County ,VT,1068
Aiken County ,SC,17597
Aitkin County ,MN,1389
Alachua County ,FL,25518
Alamance County ,NC,19065
Alameda County ,CA,89886
Alamosa County ,CO,1735
Albany County ,NY,24740
Albany County ,WY,4657
Albemarle County ,VA,5831
Alcona County ,MI,741
Alcorn County ,MS,3347
Aleutians East Borough ,AK,60
Aleutians West Census Area ,AK,203
Alexander County ,IL,475
Alexander County ,NC,4456
Alfalfa County ,OK,1155
Alger County ,MI,519
Allamakee County ,IA,1533
Allegan County ,MI,11200
Allegany County ,MD,7057
Allegany County ,NY,3562
Alleghany County ,NC,1098
Alleghany County ,VA,1387
Allegheny County ,PA,101962
Allen County ,IN,41962
Allen County ,KS,1260
Allen County ,KY,2125
Allen County ,OH,11951
Allen Parish ,LA,3277
Allendale County ,SC,945
Alpena County ,MI,2273
Alpine County ,CA,89
Amador County ,CA,3767
Amelia County ,VA,927
Amherst County ,VA,2990
Amite County ,MS,1278
Anderson County ,KS,854
Anderson County ,KY,1799
Anderson County ,SC,23300
Anderson County ,TN,8820
Anderson County ,TX,6242
Andrew County ,MO,2010
Andrews County ,TX,1840
Androscoggin County ,ME,8423
Angelina County ,TX,8705
Anne Arundel County ,MD,44005
Anoka County ,MN,42879
Anson County ,NC,2639
Antelope County ,NE,536
Antrim County ,MI,1636
Apache County ,AZ,11511
Appanoose County ,IA,1291
Appling County ,GA,1944
Appomattox County ,VA,1629
Aransas County ,TX,1300
Arapahoe County ,CO,62987
Archer County ,TX,813
Archuleta County ,CO,1056
Arenac County ,MI,1212
Arkansas County ,AR,2250
Arlington County ,VA,15319
Armstrong County ,PA,6014
Armstrong County ,TX,208
Aroostook County ,ME,1904
Arthur County ,NE,22
Ascension Parish ,LA,13013
Ashe County ,NC,2253
Ashland County ,OH,4370
Ashland County ,WI,1402
Ashley County ,AR,2062
Ashtabula County ,OH,7219
Asotin County ,WA,1511
Assumption Parish ,LA,2344
Atascosa County ,TX,5839
Atchison County ,KS,1540
Atchison County ,MO,463
Athens County ,OH,5251
Atkinson County ,GA,805
Atlantic County ,NJ,31690
Atoka County ,OK,1885
Attala County ,MS,2160
Audrain County ,MO,2811
Audubon County ,IA,537
Auglaize County ,OH,5045
Augusta County ,VA,6000
Aurora County ,SD,475
Austin County ,TX,2245
Autauga County ,AL,7262
Avery County ,NC,2165
Avoyelles Parish ,LA,4362
Baca County ,CO,325
Bacon County ,GA,1306
Bailey County ,TX,864
Baker County ,FL,3663
Baker County ,GA,165
Baker County ,OR,1041
Baldwin County ,AL,22043
Baldwin County ,GA,3894
Ballard County ,KY,422
Baltimore City ,MD,53169
Baltimore County ,MD,65996
Bamberg County ,SC,1599
Bandera County ,TX,1455
Banks County ,GA,1672
Banner County ,NE,36
Bannock County ,ID,8891
Baraga County ,MI,823
Barber County ,KS,374
Barbour County ,AL,2347
Barbour County ,WV,1515
Barnes County ,ND,1422
Barnstable County ,MA,13963
Barnwell County ,SC,2621
Barren County ,KY,4519
Barron County ,WI,6066
Barrow County ,GA,9011
Barry County ,MI,5969
Barry County ,MO,3123
Bartholomew County ,IN,8206
Barton County ,KS,2608
Barton County ,MO,1262
Bartow County ,GA,11410
Bastrop County ,TX,9824
Bates County ,MO,1366
Bath County ,KY,1052
Bath County ,VA,274
Baxter County ,AR,3551
Bay County ,FL,20069
Bay County ,MI,11266
Bayfield County ,WI,1290
Baylor County ,TX,300
Beadle County ,SD,2965
Bear Lake County ,ID,398
Beaufort County ,NC,4798
Beaufort County ,SC,17178
Beauregard Parish ,LA,3344
Beaver County ,OK,475
Beaver County ,PA,15559
Beaver County ,UT,754
Beaverhead County ,MT,928
Becker County ,MN,3874
Beckham County ,OK,2902
Bedford County ,PA,4729
Bedford County ,TN,6725
Bedford County ,VA,6691
Bee County ,TX,3538
Belknap County ,NH,4190
Bell County ,KY,3185
Bell County ,TX,25135
Belmont County ,OH,6175
Beltrami County ,MN,4084
Ben Hill County ,GA,1508
Benewah County ,ID,771
Bennett County ,SD,392
Bennington County ,VT,2055
Benson County ,ND,1105
Bent County ,CO,1545
Benton County ,AR,30024
Benton County ,IN,1067
Benton County ,IA,2618
Benton County ,MN,5831
Benton County ,MS,1026
Benton County ,MO,1750
Benton County ,OR,3290
Benton County ,TN,1688
Benton County ,WA,18049
Benzie County ,MI,1283
Bergen County ,NJ,105108
Berkeley County ,SC,18053
Berkeley County ,WV,12856
Berks County ,PA,48490
Berkshire County ,MA,6572
Bernalillo County ,NM,59212
Berrien County ,GA,1090
Berrien County ,MI,15539
Bertie County ,NC,1796
Bethel Census Area ,AK,3911
Bexar County ,TX,227474
Bibb County ,AL,2693
Bibb County ,GA,13625
Bienville Parish ,LA,1715
Big Horn County ,MT,2590
Big Horn County ,WY,1205
Big Stone County ,MN,605
Billings County ,ND,54
Bingham County ,ID,4857
Black Hawk County ,IA,16363
Blackford County ,IN,1378
Bladen County ,NC,3529
Blaine County ,ID,2404
Blaine County ,MT,824
Blaine County ,NE,21
Blaine County ,OK,1055
Blair County ,PA,13523
Blanco County ,TX,778
Bland County ,VA,690
Bleckley County ,GA,811
Bledsoe County ,TN,2230
Blount County ,AL,6988
Blount County ,TN,15959
Blue Earth County ,MN,7640
Boise County ,ID,381
Bolivar County ,MS,4849
Bollinger County ,MO,1166
Bon Homme County ,SD,1554
Bond County ,IL,2091
Bonner County ,ID,3393
Bonneville County ,ID,15060
Boone County ,AR,4140
Boone County ,IL,6853
Boone County ,IN,7062
Boone County ,IA,2686
Boone County ,KY,14454
Boone County ,MO,18702
Boone County ,NE,584
Boone County ,WV,2179
Borden County ,TX,30
Bosque County ,TX,1698
Bossier Parish ,LA,14544
Botetourt County ,VA,2617
Bottineau County ,ND,724
Boulder County ,CO,24059
Boundary County ,ID,898
Bourbon County ,KS,1445
Bourbon County ,KY,1769
Bowie County ,TX,7767
Bowman County ,ND,408
Box Butte County ,NE,944
Box Elder County ,UT,5672
Boyd County ,KY,5158
Boyd County ,NE,176
Boyle County ,KY,3511
Bracken County ,KY,673
Bradford County ,FL,3106
Bradford County ,PA,6132
Bradley County ,AR,1474
Bradley County ,TN,15325
Branch County ,MI,4924
Brantley County ,GA,973
Braxton County ,WV,1020
Brazoria County ,TX,38833
Brazos County ,TX,28043
Breathitt County ,KY,1058
Breckinridge County ,KY,1328
Bremer County ,IA,2896
Brevard County ,FL,43702
Brewster County ,TX,937
Briscoe County ,TX,169
Bristol Bay Borough ,AK,634
Bristol County ,MA,66959
Bristol County ,RI,5187
Broadwater County ,MT,527
Bronx County ,NY,177293
Brooke County ,WV,2249
Brookings County ,SD,4237
Brooks County ,GA,965
Brooks County ,TX,859
Broome County ,NY,18669
Broward County ,FL,247298
Brown County ,IL,753
Brown County ,IN,1047
Brown County ,KS,1243
Brown County ,MN,3082
Brown County ,NE,220
Brown County ,OH,4033
Brown County ,SD,5645
Brown County ,TX,4370
Brown County ,WI,35722
Brule County ,SD,719
Brunswick County ,NC,9374
Brunswick County ,VA,1339
Bryan County ,GA,2852
Bryan County ,OK,6219
Buchanan County ,IA,1943
Buchanan County ,MO,9978
Buchanan County ,VA,1543
Buckingham County ,VA,2140
Bucks County ,PA,60855
Buena Vista County ,IA,4274
Buffalo County ,NE,5521
Buffalo County ,SD,427
Buffalo County ,WI,1418
Bullitt County ,KY,7422
Bulloch County ,GA,5244
Bullock County ,AL,1250
Buncombe County ,NC,18115
Bureau County ,IL,3796
Burke County ,GA,1821
Burke County ,NC,10156
Burke County ,ND,247
Burleigh County ,ND,16040
Burleson County ,TX,2489
Burlington County ,NJ,44462
Burnet County ,TX,4932
Burnett County ,WI,1590
Burt County ,NE,671
Butler County ,AL,2264
Butler County ,IA,1672
Butler County ,KS,7654
Butler County ,KY,1480
Butler County ,MO,4322
Butler County ,NE,850
Butler County ,OH,39538
Butler County ,PA,17636
Butte County ,CA,12737
Butte County ,ID,212
Butte County ,SD,1093
Butts County ,GA,2403
Cabarrus County ,NC,22432
Cabell County ,WV,8888
Cache County ,UT,16603
Caddo County ,OK,3997
Caddo Parish ,LA,27343
Calaveras County ,CA,2211
Calcasieu Parish ,LA,23348
Caldwell County ,KY,1487
Caldwell County ,MO,885
Caldwell County ,NC,9529
Caldwell County ,TX,5793
Caldwell Parish ,LA,1142
Caledonia County ,VT,1083
Calhoun County ,AL,14778
Calhoun County ,AR,425
Calhoun County ,FL,1724
Calhoun County ,GA,449
Calhoun County ,IL,531
Calhoun County ,IA,1398
Calhoun County ,MI,14589
Calhoun County ,MS,1749
Calhoun County ,SC,1338
Calhoun County ,TX,2484
Calhoun County ,WV,394
Callahan County ,TX,1215
Callaway County ,MO,5167
Calloway County ,KY,3595
Calumet County ,WI,6537
Calvert County ,MD,4239
Camas County ,ID,72
Cambria County ,PA,14833
Camden County ,GA,3364
Camden County ,MO,4514
Camden County ,NJ,55981
Camden County ,NC,696
Cameron County ,PA,309
Cameron County ,TX,42400
Cameron Parish ,LA,635
Camp County ,TX,1328
Campbell County ,KY,8772
Campbell County ,SD,132
Campbell County ,TN,4198
Campbell County ,VA,4989
Campbell County ,WY,5195
Canadian County ,OK,17461
Candler County ,GA,797
Cannon County ,TN,1944
Canyon County ,ID,27703
Cape Girardeau County ,MO,9041
Cape May County ,NJ,9307
Carbon County ,MT,917
Carbon County ,PA,6402
Carbon County ,UT,1772
Carbon County ,WY,1649
Caribou County ,ID,714
Carlisle County ,KY,488
Carlton County ,MN,3544
Caroline County ,MD,2352
Caroline County ,VA,2703
Carroll County ,AR,2927
Carroll County ,GA,7560
Carroll County ,IL,1788
Carroll County ,IN,1946
Carroll County ,IA,2873
Carroll County ,KY,1043
Carroll County ,MD,9528
Carroll County ,MS,1224
Carroll County ,MO,1078
Carroll County ,NH,2498
Carroll County ,OH,1981
Carroll County ,TN,3720
Carroll County ,VA,2723
Carson County ,TX,605
Carter County ,KY,2385
Carter County ,MO,552
Carter County ,MT,151
Carter County ,OK,6337
Carter County ,TN,6769
Carteret County ,NC,5263
Carver County ,MN,10689
Cascade County ,MT,9539
Casey County ,KY,1519
Cass County ,IL,2057
Cass County ,IN,6053
Cass County ,IA,1393
Cass County ,MI,5507
Cass County ,MN,2871
Cass County ,MO,9627
Cass County ,NE,2676
Cass County ,ND,24793
Cass County ,TX,2192
Cassia County ,ID,2975
Castro County ,TX,1069
Caswell County ,NC,2207
Catahoula Parish ,LA,1196
Catawba County ,NC,19849
Catoosa County ,GA,5909
Catron County ,NM,97
Cattaraugus County ,NY,5728
Cavalier County ,ND,432
Cayuga County ,NY,6357
Cecil County ,MD,6360
Cedar County ,IA,1924
Cedar County ,MO,1177
Cedar County ,NE,776
Centre County ,PA,16930
Cerro Gordo County ,IA,5562
Chaffee County ,CO,1778
Chambers County ,AL,3738
Chambers County ,TX,5251
Champaign County ,IL,21173
Champaign County ,OH,3456
Chariton County ,MO,754
Charles City County ,VA,511
Charles County ,MD,10978
Charles Mix County ,SD,1393
Charleston County ,SC,44047
Charlevoix County ,MI,1678
Charlotte County ,FL,13478
Charlotte County ,VA,872
Charlton County ,GA,1300
Chase County ,KS,278
Chase County ,NE,463
Chatham County ,GA,20744
Chatham County ,NC,4760
Chattahoochee County ,GA,3881
Chattooga County ,GA,2257
Chautauqua County ,KS,274
Chautauqua County ,NY,8966
Chaves County ,NM,9075
Cheatham County ,TN,4673
Cheboygan County ,MI,1931
Chelan County ,WA,6956
Chemung County ,NY,7787
Chenango County ,NY,3516
Cherokee County ,AL,1874
Cherokee County ,GA,22908
Cherokee County ,IA,1599
Cherokee County ,KS,2643
Cherokee County ,NC,2643
Cherokee County ,OK,5711
Cherokee County ,SC,6227
Cherokee County ,TX,4311
Cherry County ,NE,301
Cheshire County ,NH,3904
Chester County ,PA,40851
Chester County ,SC,4272
Chester County ,TN,2207
Chesterfield County ,SC,4930
Chesterfield County ,VA,28321
Cheyenne County ,CO,130
Cheyenne County ,KS,371
Cheyenne County ,NE,938
Chickasaw County ,IA,1252
Chickasaw County ,MS,2122
Chicot County ,AR,1631
Childress County ,TX,1372
Chilton County ,AL,4481
Chippewa County ,MI,2514
Chippewa County ,MN,1540
Chippewa County ,WI,7714
Chisago County ,MN,6220
Chittenden County ,VT,7549
Choctaw County ,AL,624
Choctaw County ,MS,799
Choctaw County ,OK,1633
Chouteau County ,MT,516
Chowan County ,NC,1495
Christian County ,IL,3847
Christian County ,KY,7093
Christian County ,MO,9453
Churchill County ,NV,2134
Cibola County ,NM,2918
Cimarron County ,OK,219
Citrus County ,FL,11550
City and Borough of Juneau,AK,1364
City and Borough of Sitka,AK,357
City and Borough of Wrangell,AK,58
City and Borough of Yakutat,AK,73
City and County of Broomfield,CO,5018
City and County of Denver,CO,74519
City and County of Honolulu,HI,28079
City and County of San Francisco,CA,37230
City of Alexandria,VA,11895
City of Bristol,VA,1583
City of Buena Vista,VA,937
City of Charlottesville,VA,4044
City of Chesapeake,VA,21288
City of Colonial Heights,VA,1723
City of Covington,VA,611
City of Danville,VA,4503
City of Emporia,VA,679
City of Fairfax,VA,574
City of Falls Church,VA,430
City of Franklin,VA,1141
City of Fredericksburg,VA,2156
City of Galax,VA,1174
City of Hampton,VA,10742
City of Harrisonburg,VA,6538
City of Hopewell,VA,2706
City of Lexington,VA,1205
City of Lynchburg,VA,7485
City of Manassas,VA,4314
City of Manassas Park,VA,1222
City of Martinsville,VA,1630
City of Newport News,VA,14387
City of Norfolk,VA,18078
City of Norton,VA,292
City of Petersburg,VA,3954
City of Poquoson,VA,900
City of Portsmouth,VA,9225
City of Radford,VA,2181
City of Richmond,VA,17032
City of Roanoke,VA,8642
City of Salem,VA,2219
City of St. Louis,MO,24774
City of Staunton,VA,2531
City of Suffolk,VA,8015
City of Virginia Beach,VA,36489
City of Waynesboro,VA,2402
City of Williamsburg,VA,768
City of Winchester,VA,2946
Clackamas County ,OR,19175
Claiborne County ,MS,1033
Claiborne County ,TN,3234
Claiborne Parish ,LA,1485
Clallam County ,WA,1457
Clare County ,MI,2483
Clarendon County ,SC,3483
Clarion County ,PA,3206
Clark County ,AR,2235
Clark County ,ID,59
Clark County ,IL,1866
Clark County ,IN,13279
Clark County ,KS,250
Clark County ,KY,3048
Clark County ,MO,719
Clark County ,NV,262134
Clark County ,OH,14269
Clark County ,SD,464
Clark County ,WA,26083
Clark County ,WI,3705
Clarke County ,AL,3531
Clarke County ,GA,12967
Clarke County ,IA,1016
Clarke County ,MS,1792
Clarke County ,VA,1023
Clatsop County ,OR,1081
Clay County ,AL,1603
Clay County ,AR,1811
Clay County ,FL,19853
Clay County ,GA,186
Clay County ,IL,1509
Clay County ,IN,2701
Clay County ,IA,2168
Clay County ,KS,815
Clay County ,KY,2724
Clay County ,MN,8276
Clay County ,MS,1891
Clay County ,MO,10559
Clay County ,NE,706
Clay County ,NC,905
Clay County ,SD,1933
Clay County ,TN,1121
Clay County ,TX,1042
Clay County ,WV,543
Clayton County ,GA,24712
Clayton County ,IA,1713
Clear Creek County ,CO,478
Clearfield County ,PA,8653
Clearwater County ,ID,1085
Clearwater County ,MN,890
Cleburne County ,AL,1542
Cleburne County ,AR,2093
Clermont County ,OH,20197
Cleveland County ,AR,1002
Cleveland County ,NC,11735
Cleveland County ,OK,31412
Clinch County ,GA,745
Clinton County ,IL,5801
Clinton County ,IN,4475
Clinton County ,IA,5618
Clinton County ,KY,1455
Clinton County ,MI,7663
Clinton County ,MO,2041
Clinton County ,NY,4856
Clinton County ,OH,3824
Clinton County ,PA,3712
Cloud County ,KS,1004
Coahoma County ,MS,3033
Coal County ,OK,705
Cobb County ,GA,62337
Cochise County ,AZ,12221
Cochran County ,TX,335
Cocke County ,TN,4547
Coconino County ,AZ,18078
Codington County ,SD,4657
Coffee County ,AL,5684
Coffee County ,GA,4281
Coffee County ,TN,6992
Coffey County ,KS,752
Coke County ,TX,469
Colbert County ,AL,6430
Cole County ,MO,9443
Coleman County ,TX,760
Coles County ,IL,5785
Colfax County ,NE,1593
Colfax County ,NM,799
Colleton County ,SC,3717
Collier County ,FL,36557
Collin County ,TX,93283
Collingsworth County ,TX,331
Colorado County ,TX,1772
Colquitt County ,GA,3687
Columbia County ,AR,2428
Columbia County ,FL,8352
Columbia County ,GA,11262
Columbia County ,NY,4083
Columbia County ,OR,1960
Columbia County ,PA,5906
Columbia County ,WA,133
Columbia County ,WI,5925
Columbiana County ,OH,9057
Columbus County ,NC,6462
Colusa County ,CA,1966
Comal County ,TX,11385
Comanche County ,KS,172
Comanche County ,OK,14407
Comanche County ,TX,1570
Concho County ,TX,505
Concordia Parish ,LA,1931
Conecuh County ,AL,1146
Conejos County ,CO,741
Consolidated Municipality of Carson City,NV,6629
Contra Costa County ,CA,71234
Converse County ,WY,1042
Conway County ,AR,2270
Cook County ,GA,1187
Cook County ,IL,557498
Cook County ,MN,172
Cooke County ,TX,3808
Cooper County ,MO,1965
Coos County ,NH,2061
Coos County ,OR,2196
Coosa County ,AL,1123
Copiah County ,MS,3025
Corson County ,SD,487
Cortland County ,NY,3935
Coryell County ,TX,7384
Coshocton County ,OH,2703
Costilla County ,CO,251
Cottle County ,TX,190
Cotton County ,OK,697
Cottonwood County ,MN,1674
Covington County ,AL,4320
Covington County ,MS,2698
Coweta County ,GA,8914
Cowley County ,KS,4012
Cowlitz County ,WA,6726
Craig County ,OK,2053
Craig County ,VA,326
Craighead County ,AR,13913
Crane County ,TX,547
Craven County ,NC,9479
Crawford County ,AR,7279
Crawford County ,GA,523
Crawford County ,IL,2145
Crawford County ,IN,1026
Crawford County ,IA,2690
Crawford County ,KS,4901
Crawford County ,MI,995
Crawford County ,MO,2683
Crawford County ,OH,4063
Crawford County ,PA,7557
Crawford County ,WI,1803
Creek County ,OK,7100
Crenshaw County ,AL,1588
Crisp County ,GA,1464
Crittenden County ,AR,6208
Crittenden County ,KY,687
Crockett County ,TN,2064
Crockett County ,TX,595
Crook County ,OR,1310
Crook County ,WY,460
Crosby County ,TX,759
Cross County ,AR,1996
Crow Wing County ,MN,6838
Crowley County ,CO,2216
Culberson County ,TX,367
Cullman County ,AL,10014
Culpeper County ,VA,4735
Cumberland County ,IL,1305
Cumberland County ,KY,697
Cumberland County ,ME,17270
Cumberland County ,NJ,17256
Cumberland County ,NC,30451
Cumberland County ,PA,20633
Cumberland County ,TN,6886
Cumberland County ,VA,516
Cuming County ,NE,1056
Currituck County ,NC,1584
Curry County ,NM,5336
Curry County ,OR,746
Custer County ,CO,229
Custer County ,ID,258
Custer County ,MT,1208
Custer County ,NE,852
Custer County ,OK,4088
Custer County ,SD,880
Cuyahoga County ,OH,116156
Dade County ,GA,1239
Dade County ,MO,644
Daggett County ,UT,37
Dakota County ,MN,46947
Dakota County ,NE,3939
Dale County ,AL,4951
Dallam County ,TX,987
Dallas County ,AL,3623
Dallas County ,AR,818
Dallas County ,IA,11305
Dallas County ,MO,1562
Dallas County ,TX,306870
Dane County ,WI,46837
Daniels County ,MT,197
Dare County ,NC,2201
Darke County ,OH,5430
Darlington County ,SC,8628
Dauphin County ,PA,26149
Davidson County ,NC,17046
Davidson County ,TN,90445
Davie County ,NC,4189
Daviess County ,IN,3068
Daviess County ,KY,11012
Daviess County ,MO,764
Davis County ,IA,853
Davis County ,UT,40048
Davison County ,SD,3252
Dawes County ,NE,749
Dawson County ,GA,2782
Dawson County ,MT,1110
Dawson County ,NE,2888
Dawson County ,TX,1742
Day County ,SD,713
De Baca County ,NM,178
De Soto Parish ,LA,2913
De Witt County ,IL,1576
Deaf Smith County ,TX,2954
Dearborn County ,IN,5927
Decatur County ,GA,2184
Decatur County ,IN,2958
Decatur County ,IA,623
Decatur County ,KS,281
Decatur County ,TN,1624
Deer Lodge County ,MT,1128
Defiance County ,OH,4326
DeKalb County ,AL,9033
DeKalb County ,GA,59312
DeKalb County ,IL,10172
DeKalb County ,IN,4440
DeKalb County ,MO,1152
DeKalb County ,TN,2874
Del Norte County ,CA,1446
Delaware County ,IN,11015
Delaware County ,IA,2112
Delaware County ,NY,2395
Delaware County ,OH,18938
Delaware County ,OK,4780
Delaware County ,PA,52423
Delta County ,CO,2962
Delta County ,MI,4057
Delta County ,TX,352
Denali Borough ,AK,108
Dent County ,MO,1069
Denton County ,TX,77111
Des Moines County ,IA,4704
Deschutes County ,OR,10148
Desha County ,AR,1381
DeSoto County ,FL,4448
DeSoto County ,MS,22438
Deuel County ,NE,107
Deuel County ,SD,533
Dewey County ,OK,553
Dewey County ,SD,1479
DeWitt County ,TX,1990
Dickens County ,TX,188
Dickenson County ,VA,998
Dickey County ,ND,800
Dickinson County ,IA,2498
Dickinson County ,KS,1833
Dickinson County ,MI,2758
Dickson County ,TN,7114
Dillingham Census Area ,AK,210
Dillon County ,SC,4437
Dimmit County ,TX,2625
Dinwiddie County ,VA,2163
District of Columbia ,DC,49417
Divide County ,ND,187
Dixie County ,FL,1646
Dixon County ,NE,611
Doddridge County ,WV,646
Dodge County ,GA,1091
Dodge County ,MN,1877
Dodge County ,NE,4964
Dodge County ,WI,12954
Dolores County ,CO,130
Dona Ana County ,NM,25161
Doniphan County ,KS,1055
Donley County ,TX,424
Dooly County ,GA,804
Door County ,WI,2854
Dorchester County ,MD,2854
Dorchester County ,SC,18480
Dougherty County ,GA,5702
Douglas County ,CO,30613
Douglas County ,GA,12348
Douglas County ,IL,2613
Douglas County ,KS,8994
Douglas County ,MN,4760
Douglas County ,MO,1039
Douglas County ,NE,71755
Douglas County ,NV,3021
Douglas County ,OR,4018
Douglas County ,SD,455
Douglas County ,WA,3717
Douglas County ,WI,5010
Drew County ,AR,2085
Dubois County ,IN,6230
Dubuque County ,IA,13542
Duchesne County ,UT,1217
Dukes County ,MA,1415
Dundy County ,NE,185
Dunklin County ,MO,3111
Dunn County ,ND,401
Dunn County ,WI,5143
DuPage County ,IL,92651
Duplin County ,NC,6391
Durham County ,NC,25840
Dutchess County ,NY,29528
Duval County ,FL,103026
Duval County ,TX,1276
Dyer County ,TN,5530
Eagle County ,CO,6369
Early County ,GA,1042
East Baton Rouge Parish ,LA,41449
East Carroll Parish ,LA,1144
East Feliciana Parish ,LA,3276
Eastland County ,TX,1374
Eaton County ,MI,10161
Eau Claire County ,WI,11993
Echols County ,GA,362
Ector County ,TX,17592
Eddy County ,NM,6963
Eddy County ,ND,470
Edgar County ,IL,1773
Edgecombe County ,NC,5718
Edgefield County ,SC,3177
Edmonson County ,KY,924
Edmunds County ,SD,515
Edwards County ,IL,584
Edwards County ,KS,267
Edwards County ,TX,249
Effingham County ,GA,3921
Effingham County ,IL,4776
El Dorado County ,CA,10481
El Paso County ,CO,73725
El Paso County ,TX,136740
Elbert County ,CO,1891
Elbert County ,GA,1541
Elk County ,KS,181
Elk County ,PA,2871
Elkhart County ,IN,29597
Elko County ,NV,5204
Elliott County ,KY,987
Ellis County ,KS,3765
Ellis County ,OK,357
Ellis County ,TX,23153
Ellsworth County ,KS,1229
Elmore County ,AL,10322
Elmore County ,ID,2135
Emanuel County ,GA,1780
Emery County ,UT,966
Emmet County ,IA,1361
Emmet County ,MI,2380
Emmons County ,ND,441
Erath County ,TX,4263
Erie County ,NY,89737
Erie County ,OH,8068
Erie County ,PA,21236
Escambia County ,AL,4038
Escambia County ,FL,33244
Esmeralda County ,NV,38
Essex County ,MA,98020
Essex County ,NJ,94521
Essex County ,NY,1597
Essex County ,VT,296
Essex County ,VA,789
Estill County ,KY,1191
Etowah County ,AL,14249
Eureka County ,NV,55
Evangeline Parish ,LA,3711
Evans County ,GA,777
Fairbanks North Star Borough ,AK,7925
Fairfax County ,VA,77200
Fairfield County ,CT,100573
Fairfield County ,OH,16611
Fairfield County ,SC,2428
Fall River County ,SD,606
Fallon County ,MT,291
Falls County ,TX,2102
Fannin County ,GA,2206
Fannin County ,TX,3480
Faribault County ,MN,1560
Faulk County ,SD,372
Faulkner County ,AR,13254
Fauquier County ,VA,4789
Fayette County ,AL,2202
Fayette County ,GA,6850
Fayette County ,IL,3230
Fayette County ,IN,2990
Fayette County ,IA,1879
Fayette County ,KY,36549
Fayette County ,OH,2864
Fayette County ,PA,13443
Fayette County ,TN,5230
Fayette County ,TX,2779
Fayette County ,WV,3558
Fentress County ,TN,2523
Fergus County ,MT,1132
Ferry County ,WA,404
Fillmore County ,MN,1578
Fillmore County ,NE,507
Finney County ,KS,5873
Fisher County ,TX,306
Flagler County ,FL,7599
Flathead County ,MT,12475
Fleming County ,KY,1233
Florence County ,SC,18045
Florence County ,WI,507
Floyd County ,GA,10086
Floyd County ,IN,7866
Floyd County ,IA,1639
Floyd County ,KY,3506
Floyd County ,TX,900
Floyd County ,VA,884
Fluvanna County ,VA,1929
Foard County ,TX,124
Fond du Lac County ,WI,13889
Ford County ,IL,1892
Ford County ,KS,5787
Forest County ,PA,1435
Forest County ,WI,1047
Forrest County ,MS,7916
Forsyth County ,GA,18374
Forsyth County ,NC,37048
Fort Bend County ,TX,70032
Foster County ,ND,600
Fountain County ,IN,2281
Franklin County ,AL,4328
Franklin County ,AR,1721
Franklin County ,FL,1335
Franklin County ,GA,2407
Franklin County ,ID,1231
Franklin County ,IL,4565
Franklin County ,IN,1724
Franklin County ,IA,1243
Franklin County ,KS,2605
Franklin County ,KY,4208
Franklin County ,ME,1396
Franklin County ,MA,2586
Franklin County ,MS,852
Franklin County ,MO,10905
Franklin County ,NE,242
Franklin County ,NY,2564
Franklin County ,NC,7044
Franklin County ,OH,129289
Franklin County ,PA,15481
Franklin County ,TN,5238
Franklin County ,TX,816
Franklin County ,VT,2034
Franklin County ,VA,4117
Franklin County ,WA,12929
Franklin Parish ,LA,2804
Frederick County ,MD,19849
Frederick County ,VA,8121
Freeborn County ,MN,3478
Freestone County ,TX,1985
Fremont County ,CO,6559
Fremont County ,ID,1144
Fremont County ,IA,628
Fremont County ,WY,5305
Fresno County ,CA,102589
Frio County ,TX,2889
Frontier County ,NE,193
Fulton County ,AR,1182
Fulton County ,GA,84352
Fulton County ,IL,4057
Fulton County ,IN,2055
Fulton County ,KY,548
Fulton County ,NY,4432
Fulton County ,OH,4329
Fulton County ,PA,1378
Furnas County ,NE,508
Gadsden County ,FL,5836
Gage County ,NE,2188
Gaines County ,TX,1468
Gallatin County ,IL,471
Gallatin County ,KY,748
Gallatin County ,MT,14924
Gallia County ,OH,2414
Galveston County ,TX,41239
Garden County ,NE,113
Garfield County ,CO,6222
Garfield County ,MT,80
Garfield County ,NE,153
Garfield County ,OK,7835
Garfield County ,UT,466
Garfield County ,WA,134
Garland County ,AR,10669
Garrard County ,KY,1555
Garrett County ,MD,2048
Garvin County ,OK,3640
Garza County ,TX,559
Gasconade County ,MO,1592
Gaston County ,NC,27221
Gates County ,NC,750
Geary County ,KS,3667
Geauga County ,OH,6872
Gem County ,ID,1854
Genesee County ,MI,41776
Genesee County ,NY,5442
Geneva County ,AL,2593
Gentry County ,MO,875
George County ,MS,2540
Georgetown County ,SC,6811
Gibson County ,IN,4499
Gibson County ,TN,6692
Gila County ,AZ,7112
Gilchrist County ,FL,1651
Giles County ,TN,4051
Giles County ,VA,1336
Gillespie County ,TX,2598
Gilliam County ,OR,82
Gilmer County ,GA,2577
Gilmer County ,WV,888
Gilpin County ,CO,285
Glacier County ,MT,1548
Glades County ,FL,999
Gladwin County ,MI,2305
Glascock County ,GA,146
Glasscock County ,TX,104
Glenn County ,CA,2438
Gloucester County ,NJ,30749
Gloucester County ,VA,2279
Glynn County ,GA,6869
Gogebic County ,MI,1411
Golden Valley County ,MT,57
Golden Valley County ,ND,261
Goliad County ,TX,482
Gonzales County ,TX,2747
Goochland County ,VA,1483
Goodhue County ,MN,4840
Gooding County ,ID,1341
Gordon County ,GA,6562
Goshen County ,WY,1247
Gosper County ,NE,187
Gove County ,KS,388
Grady County ,GA,1628
Grady County ,OK,6001
Grafton County ,NH,4087
Graham County ,AZ,5598
Graham County ,KS,265
Graham County ,NC,669
Grainger County ,TN,2682
Grand County ,CO,1507
Grand County ,UT,1064
Grand Forks County ,ND,10721
Grand Isle County ,VT,217
Grand Traverse County ,MI,6480
Granite County ,MT,204
Grant County ,AR,1809
Grant County ,IN,7690
Grant County ,KS,949
Grant County ,KY,2541
Grant County ,MN,594
Grant County ,NE,41
Grant County ,NM,1758
Grant County ,ND,211
Grant County ,OK,549
Grant County ,OR,552
Grant County ,SD,1057
Grant County ,WA,9411
Grant County ,WV,1317
Grant County ,WI,5764
Grant Parish ,LA,2282
Granville County ,NC,5999
Gratiot County ,MI,4094
Graves County ,KY,4407
Gray County ,KS,596
Gray County ,TX,2545
Grays Harbor County ,WA,4622
Grayson County ,KY,2261
Grayson County ,TX,11374
Grayson County ,VA,1514
Greeley County ,KS,104
Greeley County ,NE,214
Green County ,KY,1234
Green County ,WI,3660
Green Lake County ,WI,2064
Greenbrier County ,WV,2902
Greene County ,AL,938
Greene County ,AR,6321
Greene County ,GA,1520
Greene County ,IL,1460
Greene County ,IN,2892
Greene County ,IA,781
Greene County ,MS,1322
Greene County ,MO,32100
Greene County ,NY,3406
Greene County ,NC,2427
Greene County ,OH,15331
Greene County ,PA,3361
Greene County ,TN,8055
Greene County ,VA,1302
Greenlee County ,AZ,580
Greensville County ,VA,1583
Greenup County ,KY,3739
Greenville County ,SC,75715
Greenwood County ,KS,576
Greenwood County ,SC,8316
Greer County ,OK,584
Gregg County ,TX,11487
Gregory County ,SD,589
Grenada County ,MS,2641
Griggs County ,ND,330
Grimes County ,TX,3825
Grundy County ,IL,5996
Grundy County ,IA,1377
Grundy County ,MO,1144
Grundy County ,TN,1804
Guadalupe County ,NM,472
Guadalupe County ,TX,15723
Guernsey County ,OH,3265
Guilford County ,NC,48793
Gulf County ,FL,1996
Gunnison County ,CO,1401
Guthrie County ,IA,1237
Gwinnett County ,GA,88123
Haakon County ,SD,266
Habersham County ,GA,4698
Haines Borough ,AK,24
Hale County ,AL,2273
Hale County ,TX,6187
Halifax County ,NC,5688
Halifax County ,VA,2840
Hall County ,GA,25595
Hall County ,NE,7863
Hall County ,TX,498
Hamblen County ,TN,8688
Hamilton County ,FL,1636
Hamilton County ,IL,849
Hamilton County ,IN,36807
Hamilton County ,IA,1823
Hamilton County ,KS,210
Hamilton County ,NE,967
Hamilton County ,NY,316
Hamilton County ,OH,81588
Hamilton County ,TN,45513
Hamilton County ,TX,806
Hamlin County ,SD,802
Hampden County ,MA,52474
Hampshire County ,MA,9179
Hampshire County ,WV,1928
Hampton County ,SC,1929
Hancock County ,GA,846
Hancock County ,IL,1835
Hancock County ,IN,8651
Hancock County ,IA,1507
Hancock County ,KY,897
Hancock County ,ME,1377
Hancock County ,MS,3907
Hancock County ,OH,7011
Hancock County ,TN,620
Hancock County ,WV,2845
Hand County ,SD,365
Hanover County ,VA,8290
Hansford County ,TX,944
Hanson County ,SD,392
Haralson County ,GA,1741
Hardee County ,FL,3393
Hardeman County ,TN,3550
Hardeman County ,TX,387
Hardin County ,IL,392
Hardin County ,IA,1885
Hardin County ,KY,10020
Hardin County ,OH,2770
Hardin County ,TN,3615
Hardin County ,TX,6109
Harding County ,NM,13
Harding County ,SD,97
Hardy County ,WV,1584
Harford County ,MD,16670
Harlan County ,KY,2955
Harlan County ,NE,219
Harmon County ,OK,327
Harnett County ,NC,12096
Harney County ,OR,439
Harper County ,KS,624
Harper County ,OK,422
Harris County ,GA,2270
Harris County ,TX,403645
Harrison County ,IN,4429
Harrison County ,IA,1802
Harrison County ,KY,1836
Harrison County ,MS,18686
Harrison County ,MO,909
Harrison County ,OH,1143
Harrison County ,TX,5482
Harrison County ,WV,6209
Hart County ,GA,1755
Hart County ,KY,2030
Hartford County ,CT,84596
Hartley County ,TX,662
Harvey County ,KS,3710
Haskell County ,KS,416
Haskell County ,OK,1267
Haskell County ,TX,462
Hawaii County ,HI,3295
Hawkins County ,TN,6337
Hayes County ,NE,61
Hays County ,TX,21245
Haywood County ,NC,4501
Haywood County ,TN,2718
Heard County ,GA,655
Hemphill County ,TX,587
Hempstead County ,AR,2090
Henderson County ,IL,529
Henderson County ,KY,4980
Henderson County ,NC,10325
Henderson County ,TN,3866
Henderson County ,TX,6073
Hendricks County ,IN,17848
Hendry County ,FL,4946
Hennepin County ,MN,125311
Henrico County ,VA,26075
Henry County ,AL,1955
Henry County ,GA,19825
Henry County ,IL,5083
Henry County ,IN,5923
Henry County ,IA,2957
Henry County ,KY,1390
Henry County ,MO,2104
Henry County ,OH,2743
Henry County ,TN,3405
Henry County ,VA,4680
Herkimer County ,NY,5210
Hernando County ,FL,14967
Hertford County ,NC,2117
Hettinger County ,ND,332
Hickman County ,KY,403
Hickman County ,TN,2895
Hickory County ,MO,722
Hidalgo County ,NM,368
Hidalgo County ,TX,91372
Highland County ,OH,3611
Highland County ,VA,110
Highlands County ,FL,8819
Hill County ,MT,2038
Hill County ,TX,4571
Hillsborough County ,FL,146166
Hillsborough County ,NH,36440
Hillsdale County ,MI,4404
Hinds County ,MS,21150
Hinsdale County ,CO,20
Hitchcock County ,NE,255
Hocking County ,OH,2206
Hockley County ,TX,3134
Hodgeman County ,KS,213
Hoke County ,NC,4922
Holmes County ,FL,2280
Holmes County ,MS,1913
Holmes County ,OH,2715
Holt County ,MO,466
Holt County ,NE,865
Hood County ,TX,6678
Hood River County ,OR,1233
Hooker County ,NE,54
Hoonah-Angoon Census Area ,AK,0
Hopkins County ,KY,4756
Hopkins County ,TX,3542
Horry County ,SC,39845
Hot Spring County ,AR,5441
Hot Springs County ,WY,372
Houghton County ,MI,3143
Houston County ,AL,10858
Houston County ,GA,10262
Houston County ,MN,1749
Houston County ,TN,1122
Houston County ,TX,1962
Howard County ,AR,1689
Howard County ,IN,10450
Howard County ,IA,1051
Howard County ,MD,19352
Howard County ,MO,1091
Howard County ,NE,559
Howard County ,TX,4709
Howell County ,MO,3716
Hubbard County ,MN,1973
Hudson County ,NJ,88462
Hudspeth County ,TX,541
Huerfano County ,CO,440
Hughes County ,OK,1253
Hughes County ,SD,2526
Humboldt County ,CA,4561
Humboldt County ,IA,1208
Humboldt County ,NV,1219
Humphreys County ,MS,975
Humphreys County ,TN,1943
Hunt County ,TX,6272
Hunterdon County ,NJ,9912
Huntingdon County ,PA,5173
Huntington County ,IN,4048
Huron County ,MI,4094
Huron County ,OH,5577
Hutchinson County ,SD,920
Hutchinson County ,TX,2427
Hyde County ,NC,671
Hyde County ,SD,140
Iberia Parish ,LA,7482
Iberville Parish ,LA,3972
Ida County ,IA,917
Idaho County ,ID,1345
Imperial County ,CA,28685
Independence County ,AR,3992
Indian River County ,FL,13017
Indiana County ,PA,6417
Ingham County ,MI,24927
Inyo County ,CA,1412
Ionia County ,MI,6339
Iosco County ,MI,2007
Iowa County ,IA,1502
Iowa County ,WI,2155
Iredell County ,NC,19317
Irion County ,TX,129
Iron County ,MI,1054
Iron County ,MO,928
Iron County ,UT,5374
Iron County ,WI,706
Iroquois County ,IL,3165
Irwin County ,GA,782
Isabella County ,MI,6343
Isanti County ,MN,4415
Island County ,WA,1882
Isle of Wight County ,VA,3182
Issaquena County ,MS,169
Itasca County ,MN,4614
Itawamba County ,MS,3053
Izard County ,AR,1735
Jack County ,TX,589
Jackson County ,AL,7047
Jackson County ,AR,3273
Jackson County ,CO,67
Jackson County ,FL,6439
Jackson County ,GA,8655
Jackson County ,IL,5126
Jackson County ,IN,5104
Jackson County ,IA,2253
Jackson County ,KS,1419
Jackson County ,KY,1337
Jackson County ,MI,15856
Jackson County ,MN,1229
Jackson County ,MS,13873
Jackson County ,MO,85773
Jackson County ,NC,3664
Jackson County ,OH,3195
Jackson County ,OK,3133
Jackson County ,OR,11696
Jackson County ,SD,290
Jackson County ,TN,1368
Jackson County ,TX,1875
Jackson County ,WV,2265
Jackson County ,WI,2721
Jackson Parish ,LA,2087
James City County ,VA,4689
Jasper County ,GA,689
Jasper County ,IL,1167
Jasper County ,IN,3930
Jasper County ,IA,4223
Jasper County ,MS,2228
Jasper County ,MO,17108
Jasper County ,SC,2436
Jasper County ,TX,2549
Jay County ,IN,2032
Jeff Davis County ,GA,1328
Jeff Davis County ,TX,195
Jefferson County ,AL,81328
Jefferson County ,AR,9320
Jefferson County ,CO,49023
Jefferson County ,FL,1506
Jefferson County ,GA,1602
Jefferson County ,ID,3039
Jefferson County ,IL,4485
Jefferson County ,IN,3369
Jefferson County ,IA,1341
Jefferson County ,KS,1766
Jefferson County ,KY,83251
Jefferson County ,MS,664
Jefferson County ,MO,23895
Jefferson County ,MT,1116
Jefferson County ,NE,669
Jefferson County ,NY,6192
Jefferson County ,OH,5692
Jefferson County ,OK,710
Jefferson County ,OR,2401
Jefferson County ,PA,3345
Jefferson County ,TN,6340
Jefferson County ,TX,20450
Jefferson County ,WA,454
Jefferson County ,WV,4807
Jefferson County ,WI,9700
Jefferson Davis County ,MS,1091
Jefferson Davis Parish ,LA,3256
Jefferson Parish ,LA,47816
Jenkins County ,GA,737
Jennings County ,IN,2361
Jerauld County ,SD,281
Jerome County ,ID,2659
Jersey County ,IL,2731
Jessamine County ,KY,4815
Jewell County ,KS,216
Jim Hogg County ,TX,621
Jim Wells County ,TX,4434
Jo Daviess County ,IL,1830
Johnson County ,AR,2982
Johnson County ,GA,797
Johnson County ,IL,1483
Johnson County ,IN,18607
Johnson County ,IA,14648
Johnson County ,KS,59976
Johnson County ,KY,2110
Johnson County ,MO,4913
Johnson County ,NE,641
Johnson County ,TN,2447
Johnson County ,TX,20216
Johnson County ,WY,744
Johnston County ,NC,22335
Johnston County ,OK,1385
Jones County ,GA,1625
Jones County ,IA,3013
Jones County ,MS,8498
Jones County ,NC,901
Jones County ,SD,96
Jones County ,TX,2614
Josephine County ,OR,3693
Juab County ,UT,1354
Judith Basin County ,MT,92
Juneau County ,WI,3356
Juniata County ,PA,2142
Kalamazoo County ,MI,23210
Kalawao County ,HI,0
Kalkaska County ,MI,1144
Kanabec County ,MN,1469
Kanawha County ,WV,15505
Kandiyohi County ,MN,6690
Kane County ,IL,59597
Kane County ,UT,647
Kankakee County ,IL,14628
Karnes County ,TX,2397
Kauai County ,HI,394
Kaufman County ,TX,16580
Kay County ,OK,5350
Kearney County ,NE,690
Kearny County ,KS,573
Keith County ,NE,723
Kemper County ,MS,970
Kenai Peninsula Borough ,AK,4402
Kendall County ,IL,13330
Kendall County ,TX,3360
Kenedy County ,TX,39
Kennebec County ,ME,6612
Kenosha County ,WI,18837
Kent County ,DE,18272
Kent County ,MD,1361
Kent County ,MI,73770
Kent County ,RI,18828
Kent County ,TX,106
Kenton County ,KY,16917
Keokuk County ,IA,971
Kern County ,CA,97474
Kerr County ,TX,4615
Kershaw County ,SC,7567
Ketchikan Gateway Borough ,AK,643
Kewaunee County ,WI,2730
Keweenaw County ,MI,174
Keya Paha County ,NE,54
Kidder County ,ND,279
Kimball County ,NE,423
Kimble County ,TX,295
King and Queen County ,VA,419
King County ,TX,11
King County ,WA,112963
King George County ,VA,1732
King William County ,VA,1249
Kingfisher County ,OK,2057
Kingman County ,KS,780
Kings County ,CA,23063
Kings County ,NY,276887
Kingsbury County ,SD,818
Kinney County ,TX,347
Kiowa County ,CO,95
Kiowa County ,KS,236
Kiowa County ,OK,821
Kit Carson County ,CO,647
Kitsap County ,WA,8881
Kittitas County ,WA,3362
Kittson County ,MN,490
Klamath County ,OR,4812
Kleberg County ,TX,2700
Klickitat County ,WA,893
Knott County ,KY,1164
Knox County ,IL,5672
Knox County ,IN,3806
Knox County ,KY,3883
Knox County ,ME,1149
Knox County ,MO,388
Knox County ,NE,888
Knox County ,OH,4581
Knox County ,TN,52165
Knox County ,TX,263
Kodiak Island Borough ,AK,1062
Koochiching County ,MN,958
Kootenai County ,ID,19140
Kosciusko County ,IN,9679
Kossuth County ,IA,2164
Kusilvak Census Area ,AK,1417
La Crosse County ,WI,13555
La Paz County ,AZ,2497
La Plata County ,CO,4182
La Salle County ,TX,1000
Labette County ,KS,2774
Lac qui Parle County ,MN,760
Lackawanna County ,PA,18568
Laclede County ,MO,3760
Lafayette County ,AR,563
Lafayette County ,FL,1631
Lafayette County ,MS,6342
Lafayette County ,MO,3244
Lafayette County ,WI,1728
Lafayette Parish ,LA,24748
Lafourche Parish ,LA,10321
LaGrange County ,IN,2747
Lake and Peninsula Borough ,AK,127
Lake County ,CA,3645
Lake County ,CO,836
Lake County ,FL,31360
Lake County ,IL,68514
Lake County ,IN,56474
Lake County ,MI,639
Lake County ,MN,834
Lake County ,MT,2140
Lake County ,OH,21262
Lake County ,OR,473
Lake County ,SD,1390
Lake County ,TN,1728
Lake of the Woods County ,MN,345
Lamar County ,AL,1476
Lamar County ,GA,1373
Lamar County ,MS,6419
Lamar County ,TX,5962
Lamb County ,TX,2492
Lamoille County ,VT,889
LaMoure County ,ND,538
Lampasas County ,TX,2226
Lancaster County ,NE,31468
Lancaster County ,PA,55449
Lancaster County ,SC,10976
Lancaster County ,VA,719
Lander County ,NV,482
Lane County ,KS,128
Lane County ,OR,14114
Langlade County ,WI,2221
Lanier County ,GA,511
Lapeer County ,MI,9249
LaPorte County ,IN,12477
Laramie County ,WY,10714
Larimer County ,CO,27845
LaRue County ,KY,1372
Las Animas County ,CO,1180
LaSalle County ,IL,12822
LaSalle Parish ,LA,1718
Lassen County ,CA,5288
Latah County ,ID,3219
Latimer County ,OK,844
Lauderdale County ,AL,9653
Lauderdale County ,MS,7277
Lauderdale County ,TN,3269
Laurel County ,KY,7586
Laurens County ,GA,3774
Laurens County ,SC,7550
Lavaca County ,TX,2505
Lawrence County ,AL,3144
Lawrence County ,AR,2177
Lawrence County ,IL,2407
Lawrence County ,IN,4793
Lawrence County ,KY,1490
Lawrence County ,MS,1324
Lawrence County ,MO,3807
Lawrence County ,OH,5764
Lawrence County ,PA,7703
Lawrence County ,SD,3018
Lawrence County ,TN,6108
Le Flore County ,OK,5680
Le Sueur County ,MN,2980
Lea County ,NM,8450
Leake County ,MS,2734
Leavenworth County ,KS,7348
Lebanon County ,PA,16206
Lee County ,AL,16343
Lee County ,AR,1715
Lee County ,FL,72994
Lee County ,GA,1630
Lee County ,IL,4196
Lee County ,IA,3857
Lee County ,KY,1295
Lee County ,MS,10146
Lee County ,NC,6172
Lee County ,SC,1945
Lee County ,TX,2246
Lee County ,VA,2433
Leelanau County ,MI,1244
Leflore County ,MS,3519
Lehigh County ,PA,39871
Lemhi County ,ID,534
Lenawee County ,MI,9391
Lenoir County ,NC,6278
Leon County ,FL,32450
Leon County ,TX,1654
Leslie County ,KY,964
Letcher County ,KY,1978
Levy County ,FL,3636
Lewis and Clark County ,MT,7069
Lewis County ,ID,439
Lewis County ,KY,1365
Lewis County ,MO,1077
Lewis County ,NY,2827
Lewis County ,TN,1627
Lewis County ,WA,5360
Lewis County ,WV,1298
Lexington County ,SC,33844
Liberty County ,FL,1094
Liberty County ,GA,3634
Liberty County ,MT,119
Liberty County ,TX,8207
Licking County ,OH,16701
Limestone County ,AL,10210
Limestone County ,TX,2831
Lincoln County ,AR,3264
Lincoln County ,CO,1036
Lincoln County ,GA,535
Lincoln County ,ID,513
Lincoln County ,KS,266
Lincoln County ,KY,2414
Lincoln County ,ME,1083
Lincoln County ,MN,584
Lincoln County ,MS,4031
Lincoln County ,MO,6369
Lincoln County ,MT,1652
Lincoln County ,NE,3874
Lincoln County ,NV,376
Lincoln County ,NM,1767
Lincoln County ,NC,10297
Lincoln County ,OK,3281
Lincoln County ,OR,1459
Lincoln County ,SD,8722
Lincoln County ,TN,4414
Lincoln County ,WA,678
Lincoln County ,WV,1607
Lincoln County ,WI,3290
Lincoln County ,WY,1433
Lincoln Parish ,LA,4739
Linn County ,IA,21303
Linn County ,KS,835
Linn County ,MO,1611
Linn County ,OR,5808
Lipscomb County ,TX,350
Litchfield County ,CT,14707
Little River County ,AR,1279
Live Oak County ,TX,1138
Livingston County ,IL,4909
Livingston County ,KY,894
Livingston County ,MI,16769
Livingston County ,MO,2163
Livingston County ,NY,4540
Livingston Parish ,LA,14566
Llano County ,TX,1717
Logan County ,AR,2303
Logan County ,CO,4066
Logan County ,IL,4010
Logan County ,KS,305
Logan County ,KY,2956
Logan County ,NE,82
Logan County ,ND,267
Logan County ,OH,3888
Logan County ,OK,4319
Logan County ,WV,3303
Long County ,GA,699
Lonoke County ,AR,7866
Lorain County ,OH,25739
Los Alamos County ,NM,540
Los Angeles County ,CA,1210422
Loudon County ,TN,6242
Loudoun County ,VA,28105
Louisa County ,IA,1301
Louisa County ,VA,2030
Loup County ,NE,42
Love County ,OK,1533
Loving County ,TX,2
Lowndes County ,AL,1421
Lowndes County ,GA,8068
Lowndes County ,MS,6571
Lubbock County ,TX,49534
Lucas County ,IA,780
Lucas County ,OH,43463
Luce County ,MI,481
Lumpkin County ,GA,2861
Luna County ,NM,3392
Lunenburg County ,VA,790
Luzerne County ,PA,32141
Lycoming County ,PA,11970
Lyman County ,SD,659
Lynn County ,TX,628
Lyon County ,IA,1600
Lyon County ,KS,4329
Lyon County ,KY,1558
Lyon County ,MN,3642
Lyon County ,NV,3370
Mackinac County ,MI,714
Macomb County ,MI,100274
Macon County ,AL,1636
Macon County ,GA,632
Macon County ,IL,11030
Macon County ,MO,1656
Macon County ,NC,3171
Macon County ,TN,3670
Macoupin County ,IL,4817
Madera County ,CA,16720
Madison County ,AL,35869
Madison County ,AR,1512
Madison County ,FL,2085
Madison County ,GA,2789
Madison County ,ID,7358
Madison County ,IL,31242
Madison County ,IN,13277
Madison County ,IA,1648
Madison County ,KY,9595
Madison County ,MS,10356
Madison County ,MO,1696
Madison County ,MT,796
Madison County ,NE,4303
Madison County ,NY,4571
Madison County ,NC,1604
Madison County ,OH,4451
Madison County ,TN,11600
Madison County ,TX,1991
Madison County ,VA,617
Madison Parish ,LA,1581
Magoffin County ,KY,1040
Mahaska County ,IA,2333
Mahnomen County ,MN,565
Mahoning County ,OH,22439
Major County ,OK,956
Malheur County ,OR,3624
Manatee County ,FL,39699
Manistee County ,MI,1210
Manitowoc County ,WI,8930
Marathon County ,WI,16437
Marengo County ,AL,2511
Maricopa County ,AZ,562308
Maries County ,MO,659
Marin County ,CA,14174
Marinette County ,WI,4714
Marion County ,AL,3286
Marion County ,AR,1170
Marion County ,FL,32288
Marion County ,GA,414
Marion County ,IL,4550
Marion County ,IN,103927
Marion County ,IA,3664
Marion County ,KS,1120
Marion County ,KY,2395
Marion County ,MS,2729
Marion County ,MO,3693
Marion County ,OH,8655
Marion County ,OR,23680
Marion County ,SC,3572
Marion County ,TN,3270
Marion County ,TX,619
Marion County ,WV,4660
Mariposa County ,CA,441
Marlboro County ,SC,3511
Marquette County ,MI,5089
Marquette County ,WI,1610
Marshall County ,AL,12500
Marshall County ,IL,1086
Marshall County ,IN,6275
Marshall County ,IA,4889
Marshall County ,KS,1138
Marshall County ,KY,2896
Marshall County ,MN,888
Marshall County ,MS,4600
Marshall County ,OK,2060
Marshall County ,SD,375
Marshall County ,TN,4346
Marshall County ,WV,3539
Martin County ,FL,12805
Martin County ,IN,921
Martin County ,KY,1065
Martin County ,MN,2354
Martin County ,NC,2330
Martin County ,TX,652
Mason County ,IL,1564
Mason County ,KY,1764
Mason County ,MI,2141
Mason County ,TX,422
Mason County ,WA,2959
Mason County ,WV,2064
Massac County ,IL,1369
Matagorda County ,TX,4292
Matanuska-Susitna Borough ,AK,11793
Mathews County ,VA,604
Maui County ,HI,4912
Maury County ,TN,13755
Maverick County ,TX,10847
Mayes County ,OK,4303
McClain County ,OK,5359
McCone County ,MT,183
McCook County ,SD,814
McCormick County ,SC,1035
McCracken County ,KY,6967
McCreary County ,KY,2006
McCulloch County ,TX,591
McCurtain County ,OK,4006
McDonald County ,MO,2657
McDonough County ,IL,2964
McDowell County ,NC,5294
McDowell County ,WV,1615
McDuffie County ,GA,1732
McHenry County ,IL,29246
McHenry County ,ND,658
McIntosh County ,GA,700
McIntosh County ,ND,354
McIntosh County ,OK,2028
McKean County ,PA,3814
McKenzie County ,ND,1465
McKinley County ,NM,12403
McLean County ,IL,18586
McLean County ,KY,905
McLean County ,ND,1294
McLennan County ,TX,27716
McLeod County ,MN,4325
McMinn County ,TN,6672
McMullen County ,TX,85
McNairy County ,TN,2884
McPherson County ,KS,3341
McPherson County ,NE,29
McPherson County ,SD,247
Meade County ,KS,514
Meade County ,KY,2099
Meade County ,SD,2801
Meagher County ,MT,152
Mecklenburg County ,NC,114907
Mecklenburg County ,VA,2362
Mecosta County ,MI,3220
Medina County ,OH,15666
Medina County ,TX,4689
Meeker County ,MN,2639
Meigs County ,OH,1491
Meigs County ,TN,1429
Mellette County ,SD,260
Menard County ,IL,1258
Menard County ,TX,213
Mendocino County ,CA,4139
Menifee County ,KY,489
Menominee County ,MI,2132
Menominee County ,WI,813
Merced County ,CA,31310
Mercer County ,IL,1500
Mercer County ,KY,2640
Mercer County ,MO,313
Mercer County ,NJ,34219
Mercer County ,ND,1164
Mercer County ,OH,4882
Mercer County ,PA,9731
Mercer County ,WV,5200
Meriwether County ,GA,1580
Merrick County ,NE,787
Merrimack County ,NH,9696
Mesa County ,CO,17428
Metcalfe County ,KY,1068
Miami County ,IN,4005
Miami County ,KS,2813
Miami County ,OH,10879
Miami-Dade County ,FL,504470
Middlesex County ,CT,12880
Middlesex County ,MA,135478
Middlesex County ,NJ,92733
Middlesex County ,VA,576
Midland County ,MI,7581
Midland County ,TX,17810
Mifflin County ,PA,5441
Milam County ,TX,2584
Millard County ,UT,1502
Mille Lacs County ,MN,3122
Miller County ,AR,4473
Miller County ,GA,685
Miller County ,MO,2745
Mills County ,IA,1644
Mills County ,TX,660
Milwaukee County ,WI,117958
Miner County ,SD,307
Mineral County ,CO,94
Mineral County ,MT,293
Mineral County ,NV,309
Mineral County ,WV,2990
Mingo County ,WV,2771
Minidoka County ,ID,2358
Minnehaha County ,SD,31764
Missaukee County ,MI,1515
Mississippi County ,AR,5935
Mississippi County ,MO,1508
Missoula County ,MT,9401
Mitchell County ,GA,1559
Mitchell County ,IA,1267
Mitchell County ,KS,569
Mitchell County ,NC,1479
Mitchell County ,TX,609
Mobile County ,AL,42424
Modoc County ,CA,410
Moffat County ,CO,1059
Mohave County ,AZ,23985
Moniteau County ,MO,1849
Monmouth County ,NJ,76279
Mono County ,CA,1273
Monona County ,IA,836
Monongalia County ,WV,9400
Monroe County ,AL,1827
Monroe County ,AR,892
Monroe County ,FL,6853
Monroe County ,GA,1935
Monroe County ,IL,4410
Monroe County ,IN,12317
Monroe County ,IA,964
Monroe County ,KY,1347
Monroe County ,MI,15442
Monroe County ,MS,4186
Monroe County ,MO,1026
Monroe County ,NY,69240
Monroe County ,OH,1364
Monroe County ,PA,14841
Monroe County ,TN,5990
Monroe County ,WV,1226
Monroe County ,WI,4764
Montague County ,TX,2132
Montcalm County ,MI,6093
Monterey County ,CA,43218
Montezuma County ,CO,2105
Montgomery County ,AL,25129
Montgomery County ,AR,767
Montgomery County ,GA,739
Montgomery County ,IL,3801
Montgomery County ,IN,4451
Montgomery County ,IA,1037
Montgomery County ,KS,3486
Montgomery County ,KY,2868
Montgomery County ,MD,71251
Montgomery County ,MS,1294
Montgomery County ,MO,1085
Montgomery County ,NY,4259
Montgomery County ,NC,3389
Montgomery County ,OH,52706
Montgomery County ,PA,70455
Montgomery County ,TN,21101
Montgomery County ,TX,55665
Montgomery County ,VA,9430
Montmorency County ,MI,618
Montour County ,PA,2009
Montrose County ,CO,3763
Moody County ,SD,667
Moore County ,NC,9077
Moore County ,TN,1033
Moore County ,TX,2767
Mora County ,NM,175
Morehouse Parish ,LA,2891
Morgan County ,AL,14669
Morgan County ,CO,2756
Morgan County ,GA,1218
Morgan County ,IL,3996
Morgan County ,IN,6813
Morgan County ,KY,2329
Morgan County ,MO,1847
Morgan County ,OH,1102
Morgan County ,TN,2559
Morgan County ,UT,1306
Morgan County ,WV,1230
Morrill County ,NE,513
Morris County ,KS,592
Morris County ,NJ,50415
Morris County ,TX,956
Morrison County ,MN,4258
Morrow County ,OH,2927
Morrow County ,OR,1167
Morton County ,KS,270
Morton County ,ND,5349
Motley County ,TX,118
Moultrie County ,IL,1644
Mountrail County ,ND,1392
Mower County ,MN,4722
Muhlenberg County ,KY,3101
Multnomah County ,OR,40684
Municipality of Anchorage,AK,30644
Municipality of Skagway,AK,22
Murray County ,GA,4249
Murray County ,MN,1070
Murray County ,OK,2041
Muscatine County ,IA,4893
Muscogee County ,GA,14900
Muskegon County ,MI,16318
Muskingum County ,OH,8949
Muskogee County ,OK,9434
Musselshell County ,MT,377
Nacogdoches County ,TX,5206
Nance County ,NE,414
Napa County ,CA,10073
Nash County ,NC,11732
Nassau County ,FL,8582
Nassau County ,NY,184182
Natchitoches Parish ,LA,4181
Natrona County ,WY,8275
Navajo County ,AZ,16768
Navarro County ,TX,5947
Nelson County ,KY,5027
Nelson County ,ND,482
Nelson County ,VA,892
Nemaha County ,KS,1532
Nemaha County ,NE,696
Neosho County ,KS,1825
Neshoba County ,MS,4097
Ness County ,KS,372
Nevada County ,AR,894
Nevada County ,CA,4975
New Castle County ,DE,65138
New Hanover County ,NC,19581
New Haven County ,CT,92500
New Kent County ,VA,1527
New London County ,CT,22599
New Madrid County ,MO,2157
New York County ,NY,139022
Newaygo County ,MI,4904
Newberry County ,SC,5116
Newport County ,RI,6975
Newton County ,AR,791
Newton County ,GA,7720
Newton County ,IN,1185
Newton County ,MS,2504
Newton County ,MO,5939
Newton County ,TX,641
Nez Perce County ,ID,3764
Niagara County ,NY,20073
Nicholas County ,KY,599
Nicholas County ,WV,1908
Nicollet County ,MN,3319
Niobrara County ,WY,163
Noble County ,IN,5845
Noble County ,OH,1364
Noble County ,OK,1383
Nobles County ,MN,4083
Nodaway County ,MO,2437
Nolan County ,TX,1550
Nome Census Area ,AK,402
Norfolk County ,MA,55063
Norman County ,MN,548
North Slope Borough ,AK,1005
Northampton County ,NC,1895
Northampton County ,PA,35919
Northampton County ,VA,809
Northumberland County ,PA,9721
Northumberland County ,VA,749
Northwest Arctic Borough ,AK,599
Norton County ,KS,1220
Nottoway County ,VA,1927
Nowata County ,OK,1170
Noxubee County ,MS,1288
Nuckolls County ,NE,434
Nueces County ,TX,40151
Nye County ,NV,3026
Oakland County ,MI,118859
Obion County ,TN,4625
O'Brien County ,IA,1997
Ocean County ,NJ,76627
Oceana County ,MI,2771
Ochiltree County ,TX,1206
Oconee County ,GA,3099
Oconee County ,SC,9959
Oconto County ,WI,5122
Ogemaw County ,MI,1747
Oglala Lakota County ,SD,2121
Ogle County ,IL,6238
Oglethorpe County ,GA,1222
Ohio County ,IN,580
Ohio County ,KY,2518
Ohio County ,WV,4317
Okaloosa County ,FL,21078
Okanogan County ,WA,2808
Okeechobee County ,FL,4260
Okfuskee County ,OK,1805
Oklahoma County ,OK,87823
Okmulgee County ,OK,3908
Oktibbeha County ,MS,4681
Oldham County ,KY,7701
Oldham County ,TX,289
Oliver County ,ND,158
Olmsted County ,MN,13433
Oneida County ,ID,365
Oneida County ,NY,22675
Oneida County ,WI,3829
Onondaga County ,NY,39094
Onslow County ,NC,17935
Ontario County ,NY,7417
Ontonagon County ,MI,482
Orange County ,CA,256163
Orange County ,FL,144595
Orange County ,IN,1893
Orange County ,NY,48453
Orange County ,NC,8613
Orange County ,TX,8859
Orange County ,VT,823
Orange County ,VA,2248
Orangeburg County ,SC,9882
Oregon County ,MO,856
Orleans County ,NY,3125
Orleans County ,VT,1292
Orleans Parish ,LA,31255
Osage County ,KS,1268
Osage County ,MO,1659
Osage County ,OK,4812
Osborne County ,KS,294
Osceola County ,FL,46791
Osceola County ,IA,789
Osceola County ,MI,1962
Oscoda County ,MI,692
Oswego County ,NY,7643
Otero County ,CO,2088
Otero County ,NM,4080
Otoe County ,NE,1473
Otsego County ,MI,2353
Otsego County ,NY,3471
Ottawa County ,KS,559
Ottawa County ,MI,32966
Ottawa County ,OH,3739
Ottawa County ,OK,4231
Otter Tail County ,MN,5874
Ouachita County ,AR,2470
Ouachita Parish ,LA,19166
Ouray County ,CO,297
Outagamie County ,WI,23916
Overton County ,TN,3092
Owen County ,IN,2144
Owen County ,KY,745
Owsley County ,KY,507
Owyhee County ,ID,1090
Oxford County ,ME,3650
Ozark County ,MO,688
Ozaukee County ,WI,9300
Pacific County ,WA,1009
Page County ,IA,1945
Page County ,VA,2130
Palm Beach County ,FL,149073
Palo Alto County ,IA,1136
Palo Pinto County ,TX,2961
Pamlico County ,NC,1118
Panola County ,MS,4681
Panola County ,TX,1864
Park County ,CO,833
Park County ,MT,1463
Park County ,WY,2903
Parke County ,IN,1511
Parker County ,TX,16331
Parmer County ,TX,1330
Pasco County ,FL,43428
Pasquotank County ,NC,3453
Passaic County ,NJ,73473
Patrick County ,VA,1404
Paulding County ,GA,11155
Paulding County ,OH,1771
Pawnee County ,KS,1179
Pawnee County ,NE,234
Pawnee County ,OK,1801
Payette County ,ID,2633
Payne County ,OK,8724
Peach County ,GA,1905
Pearl River County ,MS,4666
Pecos County ,TX,1690
Pembina County ,ND,824
Pemiscot County ,MO,1628
Pend Oreille County ,WA,833
Pender County ,NC,5563
Pendleton County ,KY,1048
Pendleton County ,WV,725
Pennington County ,MN,1538
Pennington County ,SD,13949
Penobscot County ,ME,6356
Peoria County ,IL,23485
Pepin County ,WI,892
Perkins County ,NE,294
Perkins County ,SD,359
Perquimans County ,NC,1034
Perry County ,AL,1088
Perry County ,AR,891
Perry County ,IL,3205
Perry County ,IN,1883
Perry County ,KY,2800
Perry County ,MS,1287
Perry County ,MO,2282
Perry County ,OH,2974
Perry County ,PA,3854
Perry County ,TN,1075
Pershing County ,NV,971
Person County ,NC,3524
Petersburg Borough ,AK,167
Petroleum County ,MT,12
Pettis County ,MO,5263
Phelps County ,MO,4068
Phelps County ,NE,1001
Philadelphia County ,PA,150368
Phillips County ,AR,1888
Phillips County ,CO,400
Phillips County ,KS,711
Phillips County ,MT,527
Piatt County ,IL,1526
Pickaway County ,OH,8685
Pickens County ,AL,2372
Pickens County ,GA,2600
Pickens County ,SC,19096
Pickett County ,TN,773
Pierce County ,GA,1313
Pierce County ,NE,642
Pierce County ,ND,550
Pierce County ,WA,57205
Pierce County ,WI,4999
Pike County ,AL,3151
Pike County ,AR,1049
Pike County ,GA,1108
Pike County ,IL,1846
Pike County ,IN,1387
Pike County ,KY,5889
Pike County ,MS,3395
Pike County ,MO,1831
Pike County ,OH,2430
Pike County ,PA,4041
Pima County ,AZ,117984
Pinal County ,AZ,54140
Pine County ,MN,3355
Pinellas County ,FL,80951
Pipestone County ,MN,1168
Piscataquis County ,ME,591
Pitkin County ,CO,2623
Pitt County ,NC,20552
Pittsburg County ,OK,4684
Pittsylvania County ,VA,5642
Piute County ,UT,101
Placer County ,CA,23867
Plaquemines Parish ,LA,2577
Platte County ,MO,4315
Platte County ,NE,4152
Platte County ,WY,688
Pleasants County ,WV,959
Plumas County ,CA,708
Plymouth County ,IA,4035
Plymouth County ,MA,49336
Pocahontas County ,IA,857
Pocahontas County ,WV,682
Poinsett County ,AR,3253
Pointe Coupee Parish ,LA,2746
Polk County ,AR,2047
Polk County ,FL,72447
Polk County ,GA,3984
Polk County ,IA,58385
Polk County ,MN,3893
Polk County ,MO,3838
Polk County ,NE,585
Polk County ,NC,1501
Polk County ,OR,4082
Polk County ,TN,2113
Polk County ,TX,3417
Polk County ,WI,4835
Pondera County ,MT,508
Pontotoc County ,MS,4306
Pontotoc County ,OK,5181
Pope County ,AR,8192
Pope County ,IL,332
Pope County ,MN,1129
Portage County ,OH,13277
Portage County ,WI,7447
Porter County ,IN,19466
Posey County ,IN,2759
Pottawatomie County ,KS,2004
Pottawatomie County ,OK,8430
Pottawattamie County ,IA,11249
Potter County ,PA,1223
Potter County ,SD,391
Potter County ,TX,17692
Powder River County ,MT,137
Powell County ,KY,1357
Powell County ,MT,941
Power County ,ID,660
Poweshiek County ,IA,1572
Powhatan County ,VA,1928
Prairie County ,AR,919
Prairie County ,MT,141
Pratt County ,KS,815
Preble County ,OH,3886
Prentiss County ,MS,2881
Presidio County ,TX,820
Presque Isle County ,MI,1057
Preston County ,WV,2962
Price County ,WI,1348
Prince Edward County ,VA,2173
Prince George County ,VA,3640
Prince George's County ,MD,85608
Prince of Wales - Hyder Census Area ,AK,183
Prince William County ,VA,45835
Providence County ,RI,99519
Prowers County ,CO,1279
Pueblo County ,CO,19640
Pulaski County ,AR,41703
Pulaski County ,GA,617
Pulaski County ,IL,704
Pulaski County ,IN,1215
Pulaski County ,KY,6605
Pulaski County ,MO,3686
Pulaski County ,VA,2730
Pushmataha County ,OK,1017
Putnam County ,FL,6874
Putnam County ,GA,1835
Putnam County ,IL,489
Putnam County ,IN,3759
Putnam County ,MO,486
Putnam County ,NY,10634
Putnam County ,OH,4337
Putnam County ,TN,11842
Putnam County ,WV,5334
Quay County ,NM,537
Queen Anne's County ,MD,3013
Queens County ,NY,273197
Quitman County ,GA,82
Quitman County ,MS,829
Rabun County ,GA,1593
Racine County ,WI,25358
Rains County ,TX,824
Raleigh County ,WV,7096
Ralls County ,MO,1079
Ramsey County ,MN,52619
Ramsey County ,ND,1729
Randall County ,TX,17104
Randolph County ,AL,1882
Randolph County ,AR,2222
Randolph County ,GA,481
Randolph County ,IL,4187
Randolph County ,IN,2495
Randolph County ,MO,2718
Randolph County ,NC,15370
Randolph County ,WV,2860
Rankin County ,MS,14120
Ransom County ,ND,700
Rapides Parish ,LA,12797
Rappahannock County ,VA,360
Ravalli County ,MT,3264
Rawlins County ,KS,333
Ray County ,MO,2062
Reagan County ,TX,387
Real County ,TX,310
Red Lake County ,MN,402
Red River County ,TX,809
Red River Parish ,LA,910
Red Willow County ,NE,1214
Redwood County ,MN,1767
Reeves County ,TX,2274
Refugio County ,TX,686
Reno County ,KS,8605
Rensselaer County ,NY,11253
Renville County ,MN,1827
Renville County ,ND,322
Republic County ,KS,671
Reynolds County ,MO,395
Rhea County ,TN,4389
Rice County ,KS,1076
Rice County ,MN,8220
Rich County ,UT,152
Richardson County ,NE,738
Richland County ,IL,1772
Richland County ,MT,1248
Richland County ,ND,2027
Richland County ,OH,11633
Richland County ,SC,47846
Richland County ,WI,1410
Richland Parish ,LA,2546
Richmond County ,GA,20488
Richmond County ,NY,75058
Richmond County ,NC,4852
Richmond County ,VA,1428
Riley County ,KS,6335
Ringgold County ,IA,567
Rio Arriba County ,NM,3813
Rio Blanco County ,CO,630
Rio Grande County ,CO,911
Ripley County ,IN,3496
Ripley County ,MO,1117
Ritchie County ,WV,761
Riverside County ,CA,293139
Roane County ,TN,6381
Roane County ,WV,665
Roanoke County ,VA,8451
Roberts County ,SD,1396
Roberts County ,TX,63
Robertson County ,KY,238
Robertson County ,TN,9986
Robertson County ,TX,2247
Robeson County ,NC,16934
Rock County ,MN,1286
Rock County ,NE,102
Rock County ,WI,18391
Rock Island County ,IL,15261
Rockbridge County ,VA,1573
Rockcastle County ,KY,1645
Rockdale County ,GA,6274
Rockingham County ,NH,24430
Rockingham County ,NC,8106
Rockingham County ,VA,6886
Rockland County ,NY,47093
Rockwall County ,TX,11899
Roger Mills County ,OK,390
Rogers County ,OK,10717
Rolette County ,ND,2161
Rooks County ,KS,662
Roosevelt County ,MT,1670
Roosevelt County ,NM,2034
Roscommon County ,MI,1901
Roseau County ,MN,2113
Rosebud County ,MT,1233
Ross County ,OH,6964
Routt County ,CO,2305
Rowan County ,KY,2332
Rowan County ,NC,17300
Runnels County ,TX,1308
Rush County ,IN,1833
Rush County ,KS,434
Rusk County ,TX,4444
Rusk County ,WI,1465
Russell County ,AL,4561
Russell County ,KS,865
Russell County ,KY,1891
Russell County ,VA,2312
Rutherford County ,NC,7457
Rutherford County ,TN,43770
Rutland County ,VT,2288
Sabine County ,TX,526
Sabine Parish ,LA,3011
Sac County ,IA,1310
Sacramento County ,CA,108756
Sagadahoc County ,ME,1476
Saginaw County ,MI,21398
Saguache County ,CO,458
Salem County ,NJ,6123
Saline County ,AR,12792
Saline County ,IL,2617
Saline County ,KS,6369
Saline County ,MO,2905
Saline County ,NE,2044
Salt Lake County ,UT,154406
Saluda County ,SC,1811
Sampson County ,NC,8177
San Augustine County ,TX,587
San Benito County ,CA,6135
San Bernardino County ,CA,294595
San Diego County ,CA,282834
San Jacinto County ,TX,1470
San Joaquin County ,CA,73991
San Juan County ,CO,47
San Juan County ,NM,15758
San Juan County ,UT,1939
San Juan County ,WA,186
San Luis Obispo County ,CA,21340
San Mateo County ,CA,42869
San Miguel County ,CO,926
San Miguel County ,NM,1413
San Patricio County ,TX,4526
San Saba County ,TX,782
Sanborn County ,SD,347
Sanders County ,MT,678
Sandoval County ,NM,12277
Sandusky County ,OH,5453
Sangamon County ,IL,19205
Sanilac County ,MI,4261
Sanpete County ,UT,3937
Santa Barbara County ,CA,34569
Santa Clara County ,CA,119170
Santa Cruz County ,AZ,8098
Santa Cruz County ,CA,16273
Santa Fe County ,NM,10642
Santa Rosa County ,FL,18675
Sarasota County ,FL,32632
Saratoga County ,NY,15418
Sargent County ,ND,501
Sarpy County ,NE,22854
Sauk County ,WI,6257
Saunders County ,NE,2534
Sawyer County ,WI,1858
Schenectady County ,NY,13220
Schleicher County ,TX,243
Schley County ,GA,211
Schoharie County ,NY,1705
Schoolcraft County ,MI,438
Schuyler County ,IL,784
Schuyler County ,MO,347
Schuyler County ,NY,1082
Schuylkill County ,PA,14829
Scioto County ,OH,6567
Scotland County ,MO,306
Scotland County ,NC,3914
Scott County ,AR,992
Scott County ,IL,494
Scott County ,IN,2716
Scott County ,IA,20342
Scott County ,KS,604
Scott County ,KY,5490
Scott County ,MN,17574
Scott County ,MS,3223
Scott County ,MO,4761
Scott County ,TN,3226
Scott County ,VA,1875
Scotts Bluff County ,NE,4193
Screven County ,GA,835
Scurry County ,TX,2434
Searcy County ,AR,778
Sebastian County ,AR,15639
Sedgwick County ,CO,236
Sedgwick County ,KS,58092
Seminole County ,FL,36402
Seminole County ,GA,758
Seminole County ,OK,2889
Seneca County ,NY,2015
Seneca County ,OH,5354
Sequatchie County ,TN,1764
Sequoyah County ,OK,4213
Sevier County ,AR,2843
Sevier County ,TN,13605
Sevier County ,UT,2263
Seward County ,KS,3879
Seward County ,NE,1761
Shackelford County ,TX,276
Shannon County ,MO,625
Sharkey County ,MS,510
Sharp County ,AR,1671
Shasta County ,CA,12603
Shawano County ,WI,5345
Shawnee County ,KS,17775
Sheboygan County ,WI,14829
Shelby County ,AL,25745
Shelby County ,IL,2329
Shelby County ,IN,6047
Shelby County ,IA,1322
Shelby County ,KY,4827
Shelby County ,MO,686
Shelby County ,OH,4784
Shelby County ,TN,99072
Shelby County ,TX,2026
Shenandoah County ,VA,4311
Sherburne County ,MN,12045
Sheridan County ,KS,437
Sheridan County ,MT,424
Sheridan County ,NE,530
Sheridan County ,ND,122
Sheridan County ,WY,3273
Sherman County ,KS,662
Sherman County ,NE,212
Sherman County ,OR,71
Sherman County ,TX,235
Shiawassee County ,MI,6441
Shoshone County ,ID,1206
Sibley County ,MN,1468
Sierra County ,CA,60
Sierra County ,NM,781
Silver Bow County ,MT,4167
Simpson County ,KY,2160
Simpson County ,MS,3031
Sioux County ,IA,5179
Sioux County ,NE,39
Sioux County ,ND,665
Siskiyou County ,CA,1904
Skagit County ,WA,6066
Skamania County ,WA,391
Slope County ,ND,32
Smith County ,KS,279
Smith County ,MS,1670
Smith County ,TN,2811
Smith County ,TX,20765
Smyth County ,VA,2988
Snohomish County ,WA,40438
Snyder County ,PA,3687
Socorro County ,NM,1330
Solano County ,CA,33600
Somerset County ,ME,2287
Somerset County ,MD,2626
Somerset County ,NJ,30285
Somerset County ,PA,8081
Somervell County ,TX,1090
Sonoma County ,CA,31108
Southampton County ,VA,1992
Southeast Fairbanks Census Area ,AK,704
Spalding County ,GA,4253
Spartanburg County ,SC,42081
Spencer County ,IN,2349
Spencer County ,KY,1658
Spink County ,SD,848
Spokane County ,WA,47017
Spotsylvania County ,VA,10227
St. Bernard Parish ,LA,4169
St. Charles County ,MO,43751
St. Charles Parish ,LA,5704
St. Clair County ,AL,10205
St. Clair County ,IL,28721
St. Clair County ,MI,18487
St. Clair County ,MO,823
St. Croix County ,WI,9849
St. Francis County ,AR,3660
St. Francois County ,MO,9004
St. Helena Parish ,LA,996
St. James Parish ,LA,2049
St. John the Baptist Parish ,LA,3907
St. Johns County ,FL,23854
St. Joseph County ,IN,37098
St. Joseph County ,MI,6259
St. Landry Parish ,LA,9229
St. Lawrence County ,NY,6672
St. Louis County ,MN,18172
St. Louis County ,MO,96451
St. Lucie County ,FL,28160
St. Martin Parish ,LA,5613
St. Mary Parish ,LA,5170
St. Mary's County ,MD,6068
St. Tammany Parish ,LA,26698
Stafford County ,KS,344
Stafford County ,VA,11553
Stanislaus County ,CA,57090
Stanley County ,SD,355
Stanly County ,NC,7946
Stanton County ,KS,186
Stanton County ,NE,372
Stark County ,IL,648
Stark County ,ND,4959
Stark County ,OH,33474
Starke County ,IN,2290
Starr County ,TX,9580
Ste. Genevieve County ,MO,1850
Stearns County ,MN,22585
Steele County ,MN,3988
Steele County ,ND,195
Stephens County ,GA,3043
Stephens County ,OK,4924
Stephens County ,TX,801
Stephenson County ,IL,4851
Sterling County ,TX,109
Steuben County ,IN,4033
Steuben County ,NY,6975
Stevens County ,KS,559
Stevens County ,MN,926
Stevens County ,WA,2399
Stewart County ,GA,965
Stewart County ,TN,1381
Stillwater County ,MT,753
Stoddard County ,MO,2564
Stokes County ,NC,4233
Stone County ,AR,1121
Stone County ,MS,1942
Stone County ,MO,2765
Stonewall County ,TX,157
Storey County ,NV,120
Story County ,IA,10733
Strafford County ,NH,10102
Stutsman County ,ND,3546
Sublette County ,WY,799
Suffolk County ,MA,93199
Suffolk County ,NY,201602
Sullivan County ,IN,2168
Sullivan County ,MO,872
Sullivan County ,NH,1889
Sullivan County ,NY,6699
Sullivan County ,PA,442
Sullivan County ,TN,17367
Sully County ,SD,145
Summers County ,WV,865
Summit County ,CO,3774
Summit County ,OH,48546
Summit County ,UT,5666
Sumner County ,KS,2239
Sumner County ,TN,24610
Sumter County ,AL,1062
Sumter County ,FL,9565
Sumter County ,GA,1861
Sumter County ,SC,10651
Sunflower County ,MS,3400
Surry County ,NC,8421
Surry County ,VA,424
Susquehanna County ,PA,2658
Sussex County ,DE,26263
Sussex County ,NJ,14133
Sussex County ,VA,1203
Sutter County ,CA,9662
Sutton County ,TX,475
Suwannee County ,FL,5429
Swain County ,NC,1210
Sweet Grass County ,MT,404
Sweetwater County ,WY,4801
Swift County ,MN,1072
Swisher County ,TX,893
Switzerland County ,IN,822
Talbot County ,GA,404
Talbot County ,MD,2185
Taliaferro County ,GA,102
Talladega County ,AL,8485
Tallahatchie County ,MS,1802
Tallapoosa County ,AL,4154
Tama County ,IA,2127
Taney County ,MO,6237
Tangipahoa Parish ,LA,13382
Taos County ,NM,1732
Tarrant County ,TX,263690
Tate County ,MS,3437
Tattnall County ,GA,1887
Taylor County ,FL,2764
Taylor County ,GA,518
Taylor County ,IA,668
Taylor County ,KY,3190
Taylor County ,TX,15953
Taylor County ,WV,1283
Taylor County ,WI,2139
Tazewell County ,IL,17274
Tazewell County ,VA,3763
Tehama County ,CA,5125
Telfair County ,GA,739
Teller County ,CO,1926
Tensas Parish ,LA,372
Terrebonne Parish ,LA,11078
Terrell County ,GA,586
Terrell County ,TX,74
Terry County ,TX,1702
Teton County ,ID,1234
Teton County ,MT,507
Teton County ,WY,3804
Texas County ,MO,2052
Texas County ,OK,3544
Thayer County ,NE,495
Thomas County ,GA,3718
Thomas County ,KS,1105
Thomas County ,NE,53
Throckmorton County ,TX,73
Thurston County ,NE,848
Thurston County ,WA,11153
Tift County ,GA,3492
Tillamook County ,OR,681
Tillman County ,OK,807
Tioga County ,NY,3843
Tioga County ,PA,3132
Tippah County ,MS,2937
Tippecanoe County ,IN,23066
Tipton County ,IN,1682
Tipton County ,TN,7482
Tishomingo County ,MS,2335
Titus County ,TX,4231
Todd County ,KY,1172
Todd County ,MN,2867
Todd County ,SD,1235
Tolland County ,CT,9661
Tom Green County ,TX,13086
Tompkins County ,NY,4365
Tooele County ,UT,7727
Toole County ,MT,729
Toombs County ,GA,2993
Torrance County ,NM,891
Town and County of Nantucket,MA,1519
Towner County ,ND,327
Towns County ,GA,1152
Traill County ,ND,1054
Transylvania County ,NC,2386
Traverse County ,MN,378
Travis County ,TX,84842
Treasure County ,MT,55
Trego County ,KS,407
Trempealeau County ,WI,3669
Treutlen County ,GA,643
Trigg County ,KY,1342
Trimble County ,KY,708
Trinity County ,CA,341
Trinity County ,TX,867
Tripp County ,SD,757
Troup County ,GA,6106
Trousdale County ,TN,2534
Trumbull County ,OH,16609
Tucker County ,WV,547
Tulare County ,CA,49818
Tulsa County ,OK,76351
Tunica County ,MS,1086
Tuolumne County ,CA,4112
Turner County ,GA,622
Turner County ,SD,1182
Tuscaloosa County ,AL,26243
Tuscarawas County ,OH,8675
Tuscola County ,MI,5670
Twiggs County ,GA,511
Twin Falls County ,ID,9848
Tyler County ,TX,1338
Tyler County ,WV,749
Tyrrell County ,NC,326
Uinta County ,WY,2325
Uintah County ,UT,1757
Ulster County ,NY,13937
Umatilla County ,OR,8720
Unicoi County ,TN,2074
Union County ,AR,4136
Union County ,FL,1891
Union County ,GA,2119
Union County ,IL,2324
Union County ,IN,759
Union County ,IA,1302
Union County ,KY,1454
Union County ,MS,4182
Union County ,NJ,71854
Union County ,NM,260
Union County ,NC,24986
Union County ,OH,5859
Union County ,OR,1523
Union County ,PA,6162
Union County ,SC,3182
Union County ,SD,2228
Union County ,TN,1957
Union Parish ,LA,2471
Upshur County ,TX,3545
Upshur County ,WV,1973
Upson County ,GA,1844
Upton County ,TX,375
Utah County ,UT,99236
Uvalde County ,TX,3679
Val Verde County ,TX,7974
Valdez-Cordova Census Area ,AK,0
Valencia County ,NM,6938
Valley County ,ID,877
Valley County ,MT,902
Valley County ,NE,327
Van Buren County ,AR,1408
Van Buren County ,IA,566
Van Buren County ,MI,7153
Van Buren County ,TN,872
Van Wert County ,OH,2478
Van Zandt County ,TX,4486
Vance County ,NC,4998
Vanderburgh County ,IN,22736
Venango County ,PA,4105
Ventura County ,CA,81515
Vermilion County ,IL,10061
Vermilion Parish ,LA,5817
Vermillion County ,IN,1774
Vernon County ,MO,2033
Vernon County ,WI,2027
Vernon Parish ,LA,3241
Victoria County ,TX,9300
Vigo County ,IN,12704
Vilas County ,WI,2444
Vinton County ,OH,865
Volusia County ,FL,45457
Wabash County ,IL,1385
Wabash County ,IN,3636
Wabasha County ,MN,2079
Wabaunsee County ,KS,698
Wadena County ,MN,1641
Wagoner County ,OK,8290
Wahkiakum County ,WA,156
Wake County ,NC,89724
Wakulla County ,FL,3579
Waldo County ,ME,1052
Walker County ,AL,7372
Walker County ,GA,6778
Walker County ,TX,8703
Walla Walla County ,WA,5550
Wallace County ,KS,179
Waller County ,TX,4228
Wallowa County ,OR,196
Walsh County ,ND,1913
Walthall County ,MS,1361
Walton County ,FL,7138
Walton County ,GA,8215
Walworth County ,SD,773
Walworth County ,WI,12516
Wapello County ,IA,4351
Ward County ,ND,9977
Ward County ,TX,1219
Ware County ,GA,3097
Warren County ,GA,392
Warren County ,IL,1851
Warren County ,IN,865
Warren County ,IA,5858
Warren County ,KY,16366
Warren County ,MS,4468
Warren County ,MO,3285
Warren County ,NJ,10051
Warren County ,NY,3680
Warren County ,NC,1817
Warren County ,OH,24667
Warren County ,PA,2643
Warren County ,TN,5602
Warren County ,VA,3145
Warrick County ,IN,7903
Wasatch County ,UT,4750
Wasco County ,OR,1468
Waseca County ,MN,2391
Washakie County ,WY,927
Washburn County ,WI,1596
Washington County ,AL,1706
Washington County ,AR,31759
Washington County ,CO,474
Washington County ,FL,2747
Washington County ,GA,1652
Washington County ,ID,1240
Washington County ,IL,1651
Washington County ,IN,2471
Washington County ,IA,2575
Washington County ,KS,555
Washington County ,KY,1461
Washington County ,ME,945
Washington County ,MD,14671
Washington County ,MN,27475
Washington County ,MS,5458
Washington County ,MO,2802
Washington County ,NE,2198
Washington County ,NY,3169
Washington County ,NC,1141
Washington County ,OH,5330
Washington County ,OK,5309
Washington County ,OR,26996
Washington County ,PA,17941
Washington County ,RI,10126
Washington County ,TN,14868
Washington County ,TX,4297
Washington County ,UT,20522
Washington County ,VT,1897
Washington County ,VA,5034
Washington County ,WI,16932
Washington Parish ,LA,4528
Washita County ,OK,1089
Washoe County ,NV,46385
Washtenaw County ,MI,26528
Watauga County ,NC,5026
Watonwan County ,MN,1356
Waukesha County ,WI,49238
Waupaca County ,WI,6121
Waushara County ,WI,2589
Wayne County ,GA,2806
Wayne County ,IL,1825
Wayne County ,IN,7565
Wayne County ,IA,551
Wayne County ,KY,2215
Wayne County ,MI,166192
Wayne County ,MS,2659
Wayne County ,MO,1052
Wayne County ,NE,1090
Wayne County ,NY,5800
Wayne County ,NC,11533
Wayne County ,OH,9181
Wayne County ,PA,4168
Wayne County ,TN,3012
Wayne County ,UT,136
Wayne County ,WV,3183
Weakley County ,TN,4246
Webb County ,TX,47029
Weber County ,UT,30933
Webster County ,GA,108
Webster County ,IA,5227
Webster County ,KY,1423
Webster County ,MS,1151
Webster County ,MO,4190
Webster County ,NE,391
Webster County ,WV,547
Webster Parish ,LA,4284
Weld County ,CO,33592
Wells County ,IN,3002
Wells County ,ND,458
West Baton Rouge Parish ,LA,3017
West Carroll Parish ,LA,1200
West Feliciana Parish ,LA,1218
Westchester County ,NY,129947
Westmoreland County ,PA,34448
Westmoreland County ,VA,1311
Weston County ,WY,661
Wetzel County ,WV,1393
Wexford County ,MI,2903
Wharton County ,TX,4287
Whatcom County ,WA,9947
Wheatland County ,MT,183
Wheeler County ,GA,465
Wheeler County ,NE,39
Wheeler County ,OR,35
Wheeler County ,TX,574
White County ,AR,8491
White County ,GA,3024
White County ,IL,1711
White County ,IN,3355
White County ,TN,3793
White Pine County ,NV,636
Whiteside County ,IL,7210
Whitfield County ,GA,15030
Whitley County ,IN,4084
Whitley County ,KY,4059
Whitman County ,WA,4344
Wibaux County ,MT,121
Wichita County ,KS,218
Wichita County ,TX,15261
Wicomico County ,MD,7739
Wilbarger County ,TX,1933
Wilcox County ,AL,1272
Wilcox County ,GA,485
Wilkes County ,GA,696
Wilkes County ,NC,6957
Wilkin County ,MN,834
Wilkinson County ,GA,741
Wilkinson County ,MS,702
Will County ,IL,77124
Willacy County ,TX,3213
Williams County ,ND,5039
Williams County ,OH,3507
Williamsburg County ,SC,4125
Williamson County ,IL,7678
Williamson County ,TN,28686
Williamson County ,TX,47343
Wilson County ,KS,1039
Wilson County ,NC,9947
Wilson County ,TN,19406
Wilson County ,TX,4717
Windham County ,CT,10956
Windham County ,VT,1399
Windsor County ,VT,1523
Winkler County ,TX,783
Winn Parish ,LA,1591
Winnebago County ,IL,34262
Winnebago County ,IA,1448
Winnebago County ,WI,21514
Winneshiek County ,IA,2005
Winona County ,MN,4621
Winston County ,AL,2841
Winston County ,MS,2314
Wirt County ,WV,457
Wise County ,TX,7597
Wise County ,VA,3276
Wolfe County ,KY,549
Wood County ,OH,13304
Wood County ,TX,3519
Wood County ,WV,7953
Wood County ,WI,7724
Woodbury County ,IA,15263
Woodford County ,IL,4874
Woodford County ,KY,2180
Woodruff County ,AR,654
Woods County ,OK,1220
Woodson County ,KS,225
Woodward County ,OK,3173
Worcester County ,MD,3702
Worcester County ,MA,77480
Worth County ,GA,1204
Worth County ,IA,764
Worth County ,MO,190
Wright County ,IA,1867
Wright County ,MN,16410
Wright County ,MO,1783
Wyandot County ,OH,2350
Wyandotte County ,KS,21072
Wyoming County ,NY,3597
Wyoming County ,PA,2000
Wyoming County ,WV,2059
Wythe County ,VA,2744
Yadkin County ,NC,4140
Yakima County ,WA,30812
Yalobusha County ,MS,1682
Yamhill County ,OR,4840
Yancey County ,NC,1640
Yankton County ,SD,3114
Yates County ,NY,1180
Yavapai County ,AZ,19677
Yazoo County ,MS,3174
Yell County ,AR,3468
Yellow Medicine County ,MN,1151
Yellowstone County ,MT,18110
Yoakum County ,TX,877
Yolo County ,CA,14225
York County ,ME,13547
York County ,NE,1768
York County ,PA,47070
York County ,SC,32191
York County ,VA,3808
Young County ,TX,2198
Yuba County ,CA,6221
Yukon-Koyukuk Census Area ,AK,369
Yuma County ,AZ,37353
Yuma County ,CO,970
Zapata County ,TX,1806
Zavala County ,TX,1883
Ziebach County ,SD,341
